{
  "defaultEnv": {
    "ENV": "NODE_ENV"
  },
  "dev": {
    "driver": "pg",
    "host": {
      "ENV": "POSTGRES_HOST"
    },
    "port": {
      "ENV": "POSTGRES_PORT"
    },
    "database": {
      "ENV": "POSTGRES_DB"
    },
    "user": {
      "ENV": "POSTGRES_USER"
    },
    "password": {
      "ENV": "POSTGRES_PASSWORD"
    }
  },
  "test": {
    "driver": "pg",
    "host": {
      "ENV": "POSTGRES_HOST"
    },
    "port": {
      "ENV": "POSTGRES_PORT"
    },
    "database": {
      "ENV": "POSTGRES_DB_test"
    },
    "user": {
      "ENV": "POSTGRES_USER"
    },
    "password": {
      "ENV": "POSTGRES_PASSWORD"
    }
  }
}